label,count,total_duration_s,median_duration_s,mean_duration_s,n_sessions,n_machines,share_of_segments,share_of_time,consistency_score,n_distinct_apps,n_distinct_routes,top_app,top_route
proc_04_microsoft-edge_onboarding,38,783.0,19.0,20.6,9,4,0.0833,0.074,0.675,3,6,Microsoft Edge,#/onboarding
proc_06_microsoft-word_leave-applications,26,534.0,19.0,20.5,7,4,0.057,0.0505,0.707,4,3,Microsoft Word,#/leave-applications
proc_42_microsoft-edge_payroll-items,21,544.0,21.0,25.9,6,4,0.0461,0.0514,0.591,3,3,Microsoft Edge,#/payroll-items
proc_13_microsoft-edge_payroll-items,19,465.0,20.0,24.5,7,4,0.0417,0.044,0.596,5,4,Microsoft Edge,#/payroll-items
proc_44_microsoft-word_onboarding,18,375.0,20.0,20.8,4,2,0.0395,0.0355,0.707,3,3,Microsoft Word,#/onboarding
proc_08_microsoft-word_leave-applications,18,372.0,20.0,20.7,4,2,0.0395,0.0352,0.749,4,4,Microsoft Word,#/leave-applications
proc_43_microsoft-edge_payroll-items,14,313.0,21.0,22.4,5,2,0.0307,0.0296,0.79,5,2,Microsoft Edge,#/payroll-items
proc_03_microsoft-edge_leave-applications,14,279.0,20.0,19.9,5,3,0.0307,0.0264,0.764,3,3,Microsoft Edge,#/leave-applications
proc_11_microsoft-edge_social-insurance,12,295.0,17.0,24.6,4,3,0.0263,0.0279,0.439,3,3,Microsoft Edge,#/social-insurance
proc_09_microsoft-edge_leave-applications,11,313.0,27.0,28.5,4,3,0.0241,0.0296,0.663,4,3,Microsoft Edge,#/leave-applications
proc_22_microsoft-edge_onboarding,11,258.0,21.0,23.5,4,2,0.0241,0.0244,0.715,3,3,Microsoft Edge,#/onboarding
proc_26_microsoft-excel_payroll-items,10,191.0,19.0,19.1,5,2,0.0219,0.0181,0.88,4,1,Microsoft Excel,#/payroll-items
proc_41_microsoft-edge_payroll-items,10,260.0,24.0,26.0,1,1,0.0219,0.0246,0.619,4,8,Microsoft Edge,#/payroll-items
proc_40_microsoft-edge_payroll-items,10,239.0,21.0,23.9,1,1,0.0219,0.0226,0.674,5,3,Microsoft Edge,#/payroll-items
proc_83_microsoft-edge_payroll-items,9,232.0,21.0,25.8,5,3,0.0197,0.0219,0.616,2,1,Microsoft Edge,#/payroll-items
proc_66_microsoft-edge_resident-tax,8,159.0,19.0,19.9,4,3,0.0175,0.015,0.754,2,2,Microsoft Edge,#/resident-tax
proc_31_microsoft-edge,8,338.0,46.0,42.2,1,1,0.0175,0.032,0.576,4,0,Microsoft Edge,
proc_52_microsoft-edge_leave-applications,7,122.0,17.0,17.4,6,4,0.0154,0.0115,0.891,3,1,Microsoft Edge,#/leave-applications
proc_25_openwith_payroll-items,7,133.0,19.0,19.0,2,1,0.0154,0.0126,0.853,3,1,OpenWith,#/payroll-items
proc_29_windowsterminal_payroll-items,6,89.0,16.0,14.8,6,4,0.0132,0.0084,0.392,7,1,WindowsTerminal,#/payroll-items
proc_00_microsoft-edge_resident-tax,6,148.0,27.0,24.7,4,3,0.0132,0.014,0.846,3,3,Microsoft Edge,#/resident-tax
proc_47_microsoft-excel_social-insurance,6,132.0,22.0,22.0,1,1,0.0132,0.0125,0.941,2,1,Microsoft Excel,#/social-insurance
proc_05_microsoft-edge_payroll-items,6,121.0,23.0,20.2,4,1,0.0132,0.0114,0.658,5,3,Microsoft Edge,#/payroll-items
proc_77_microsoft-edge_payroll-items,6,105.0,18.0,17.5,4,3,0.0132,0.0099,0.903,3,1,Microsoft Edge,#/payroll-items
proc_45_microsoft-edge_resident-tax,5,174.0,37.0,34.8,4,4,0.011,0.0165,0.566,3,2,Microsoft Edge,#/resident-tax
proc_32_microsoft-edge_social-insurance,5,141.0,25.0,28.2,3,2,0.011,0.0133,0.638,3,1,Microsoft Edge,#/social-insurance
proc_12_openwith_payroll-items,5,124.0,22.0,24.8,1,1,0.011,0.0117,0.714,2,1,OpenWith,#/payroll-items
proc_37_microsoft-edge_http-127-0-0-1-5132,4,78.0,18.0,19.5,4,3,0.0088,0.0074,0.836,6,3,Microsoft Edge,#/http:/127.0.0.1:5132
proc_38_microsoft-edge_resident-tax,4,130.0,37.0,32.5,4,2,0.0088,0.0123,0.717,2,1,Microsoft Edge,#/resident-tax
proc_02_microsoft-edge_social-insurance,4,109.0,28.0,27.2,3,2,0.0088,0.0103,0.625,3,2,Microsoft Edge,#/social-insurance
proc_30_microsoft-word_leave-applications,4,73.0,19.0,18.2,3,2,0.0088,0.0069,0.918,2,1,Microsoft Word,#/leave-applications
proc_19_microsoft-edge_social-insurance,4,109.0,19.0,27.2,2,1,0.0088,0.0103,0.39,3,3,Microsoft Edge,#/social-insurance
proc_14_microsoft-word_payroll-items,4,71.0,18.0,17.8,3,3,0.0088,0.0067,0.955,2,2,Microsoft Word,#/payroll-items
proc_91_microsoft-edge_social-insurance,4,81.0,20.0,20.2,2,2,0.0088,0.0077,0.822,3,2,Microsoft Edge,#/social-insurance
proc_23_microsoft-edge_payroll-items,4,137.0,24.0,34.2,1,1,0.0088,0.013,0.363,2,2,Microsoft Edge,#/payroll-items
proc_63_microsoft-edge_payroll-items,3,68.0,18.0,22.7,3,2,0.0066,0.0064,0.643,2,1,Microsoft Edge,#/payroll-items
proc_10_microsoft-edge_resident-tax,3,60.0,19.0,20.0,2,2,0.0066,0.0057,0.93,2,2,Microsoft Edge,#/resident-tax
proc_15_microsoft-edge_payroll-items,3,81.0,22.0,27.0,2,2,0.0066,0.0077,0.711,3,2,Microsoft Edge,#/payroll-items
proc_65_microsoft-edge_social-insurance,3,68.0,20.0,22.7,3,2,0.0066,0.0064,0.771,2,1,Microsoft Edge,#/social-insurance
proc_81_microsoft-edge_payroll-items,3,124.0,43.0,41.3,2,2,0.0066,0.0117,0.925,3,1,Microsoft Edge,#/payroll-items
proc_17_microsoft-edge_onboarding,3,61.0,16.0,20.3,3,1,0.0066,0.0058,0.665,3,9,Microsoft Edge,#/onboarding
proc_57_microsoft-edge_payroll-items,3,62.0,18.0,20.7,3,2,0.0066,0.0059,0.783,3,1,Microsoft Edge,#/payroll-items
proc_72_microsoft-edge_leave-applications,3,204.0,80.0,68.0,3,2,0.0066,0.0193,0.707,2,1,Microsoft Edge,#/leave-applications
proc_20_microsoft-edge_payroll-items,3,62.0,20.0,20.7,1,1,0.0066,0.0059,0.879,2,2,Microsoft Edge,#/payroll-items
proc_01_microsoft-edge,3,105.0,23.0,35.0,1,1,0.0066,0.0099,0.411,3,0,Microsoft Edge,
proc_34_microsoft-edge_leave-applications,2,66.0,44.0,33.0,2,2,0.0044,0.0062,0.667,2,1,Microsoft Edge,#/leave-applications
proc_28_microsoft-edge_leave-applications,2,66.0,48.0,33.0,2,2,0.0044,0.0062,0.545,2,1,Microsoft Edge,#/leave-applications
proc_88_microsoft-edge_onboarding,2,38.0,22.0,19.0,1,1,0.0044,0.0036,0.842,2,2,Microsoft Edge,#/onboarding
proc_16_microsoft-edge_social-insurance,2,32.0,16.0,16.0,2,2,0.0044,0.003,1.0,3,1,Microsoft Edge,#/social-insurance
proc_86_microsoft-edge_social-insurance,2,63.0,35.0,31.5,1,1,0.0044,0.006,0.889,2,2,Microsoft Edge,#/social-insurance
proc_24_microsoft-edge_onboarding,2,33.0,17.0,16.5,2,2,0.0044,0.0031,0.97,2,1,Microsoft Edge,#/onboarding
proc_36_microsoft-edge_dashboard,2,77.0,67.0,38.5,2,2,0.0044,0.0073,0.26,4,1,Microsoft Edge,#/dashboard
proc_50_microsoft-edge_onboarding,2,46.0,29.0,23.0,2,2,0.0044,0.0044,0.739,2,1,Microsoft Edge,#/onboarding
proc_18_microsoft-edge_leave-applications,2,42.0,22.0,21.0,2,1,0.0044,0.004,0.952,3,2,Microsoft Edge,#/leave-applications
proc_61_microsoft-edge_onboarding,2,40.0,21.0,20.0,2,1,0.0044,0.0038,0.95,2,1,Microsoft Edge,#/onboarding
proc_71_microsoft-edge_dashboard,2,17.0,10.0,8.5,2,1,0.0044,0.0016,0.824,4,1,Microsoft Edge,#/dashboard
proc_98_ms-teams_resident-tax,2,31.0,16.0,15.5,2,1,0.0044,0.0029,0.968,4,7,ms-teams,#/http:/127.0.0.1:5134
proc_27_microsoft-word_leave-applications,2,45.0,23.0,22.5,2,2,0.0044,0.0043,0.978,2,2,Microsoft Word,#/leave-applications
proc_69_microsoft-edge_payroll-items,2,76.0,58.0,38.0,2,1,0.0044,0.0072,0.474,2,1,Microsoft Edge,#/payroll-items
proc_84_notepad,2,41.0,22.0,20.5,2,2,0.0044,0.0039,0.927,1,0,Notepad,
proc_64_windowsterminal_http-127-0-0-1-5132,2,28.0,24.0,14.0,1,1,0.0044,0.0026,0.286,2,7,WindowsTerminal,#/http:/127.0.0.1:5132
proc_35_microsoft-edge_onboarding,2,53.0,36.0,26.5,2,2,0.0044,0.005,0.642,4,1,Microsoft Edge,#/onboarding
proc_21_microsoft-edge_leave-applications,2,50.0,31.0,25.0,2,1,0.0044,0.0047,0.76,2,1,Microsoft Edge,#/leave-applications
proc_39_notepad_http-127-0-0-1-5133,2,42.0,23.0,21.0,2,1,0.0044,0.004,0.905,3,5,Notepad,#/http:/127.0.0.1:5133
proc_46_microsoft-edge_dashboard,2,36.0,19.0,18.0,2,2,0.0044,0.0034,0.944,3,5,Microsoft Edge,#/dashboard
proc_93_microsoft-excel_leave-applications,2,45.0,26.0,22.5,2,2,0.0044,0.0043,0.844,3,2,Microsoft Excel,#/leave-applications
proc_58_microsoft-edge_http-127-0-0-1-5132,2,34.0,19.0,17.0,2,1,0.0044,0.0032,0.882,3,4,Microsoft Edge,#/http:/127.0.0.1:5132
proc_07_microsoft-edge_onboarding,2,35.0,19.0,17.5,1,1,0.0044,0.0033,0.914,2,1,Microsoft Edge,#/onboarding
proc_48_microsoft-edge,2,58.0,35.0,29.0,1,1,0.0044,0.0055,0.793,4,0,Microsoft Edge,
proc_59_notepad_leave-applications,1,30.0,30.0,30.0,1,1,0.0022,0.0028,1.0,1,0,Notepad,
proc_96_microsoft-word_leave-applications,1,20.0,20.0,20.0,1,1,0.0022,0.0019,1.0,2,1,Microsoft Word,#/leave-applications
proc_79_procmine-desktop-agent,1,13.0,13.0,13.0,1,1,0.0022,0.0012,1.0,3,0,procmine-desktop-agent,
proc_60_microsoft-excel_onboarding,1,25.0,25.0,25.0,1,1,0.0022,0.0024,1.0,3,2,Microsoft Excel,#/onboarding
proc_56_microsoft-word_payroll-items,1,17.0,17.0,17.0,1,1,0.0022,0.0016,1.0,2,2,Microsoft Word,#/payroll-items
proc_85_microsoft-edge_resident-tax,1,46.0,46.0,46.0,1,1,0.0022,0.0044,1.0,2,2,Microsoft Edge,#/resident-tax
proc_95_microsoft-word,1,20.0,20.0,20.0,1,1,0.0022,0.0019,1.0,1,0,Microsoft Word,
proc_73_windowsterminal_dashboard,1,16.0,16.0,16.0,1,1,0.0022,0.0015,1.0,3,1,WindowsTerminal,#/dashboard
proc_55_windows-explorer_onboarding,1,23.0,23.0,23.0,1,1,0.0022,0.0022,1.0,2,0,Notepad,
proc_75_microsoft-edge_onboarding,1,16.0,16.0,16.0,1,1,0.0022,0.0015,1.0,3,1,Microsoft Edge,#/onboarding
proc_51_openwith_payroll-items,1,24.0,24.0,24.0,1,1,0.0022,0.0023,1.0,2,1,OpenWith,#/payroll-items
proc_89_microsoft-excel_payroll-items,1,16.0,16.0,16.0,1,1,0.0022,0.0015,1.0,4,1,Microsoft Excel,#/payroll-items
proc_90_microsoft-edge_payroll-items,1,18.0,18.0,18.0,1,1,0.0022,0.0017,1.0,2,1,Microsoft Edge,#/payroll-items
proc_87_windows-explorer,1,1.0,1.0,1.0,1,1,0.0022,0.0001,1.0,2,0,Windows Explorer,
proc_82_microsoft-edge_leave-applications,1,20.0,20.0,20.0,1,1,0.0022,0.0019,1.0,2,2,Microsoft Edge,#/leave-applications
proc_70_openwith_onboarding,1,15.0,15.0,15.0,1,1,0.0022,0.0014,1.0,2,1,OpenWith,#/onboarding
proc_62_openwith_social-insurance,1,16.0,16.0,16.0,1,1,0.0022,0.0015,1.0,3,2,OpenWith,#/social-insurance
proc_53_windows-explorer,1,4.0,4.0,4.0,1,1,0.0022,0.0004,1.0,3,0,Windows Explorer,
proc_80_microsoft-edge_http-127-0-0-1-5133,1,16.0,16.0,16.0,1,1,0.0022,0.0015,1.0,1,4,Microsoft Edge,#/http:/127.0.0.1:5133
proc_67_microsoft-excel_onboarding,1,15.0,15.0,15.0,1,1,0.0022,0.0014,1.0,2,1,Microsoft Excel,#/onboarding
proc_94_microsoft-edge_payroll-items,1,18.0,18.0,18.0,1,1,0.0022,0.0017,1.0,3,2,Microsoft Edge,#/payroll-items
proc_78_microsoft-word_social-insurance,1,17.0,17.0,17.0,1,1,0.0022,0.0016,1.0,3,1,Microsoft Word,#/social-insurance
proc_92_microsoft-edge_resident-tax,1,19.0,19.0,19.0,1,1,0.0022,0.0018,1.0,1,2,Microsoft Edge,#/resident-tax
proc_49_microsoft-word,1,9.0,9.0,9.0,1,1,0.0022,0.0009,1.0,4,0,Microsoft Word,
proc_97_microsoft-edge_leave-applications,1,25.0,25.0,25.0,1,1,0.0022,0.0024,1.0,2,1,Microsoft Edge,#/leave-applications
proc_74_microsoft-edge_leave-applications,1,19.0,19.0,19.0,1,1,0.0022,0.0018,1.0,2,2,Microsoft Edge,#/leave-applications
proc_68_microsoft-edge_onboarding,1,24.0,24.0,24.0,1,1,0.0022,0.0023,1.0,1,2,Microsoft Edge,#/onboarding
proc_33_notepad,1,21.0,21.0,21.0,1,1,0.0022,0.002,1.0,2,0,Notepad,
proc_76_microsoft-edge_payroll-items,1,25.0,25.0,25.0,1,1,0.0022,0.0024,1.0,2,1,Microsoft Edge,#/payroll-items
proc_54_microsoft-edge_dashboard,1,10.0,10.0,10.0,1,1,0.0022,0.0009,1.0,4,1,Microsoft Edge,#/dashboard
